,Akim,T_C,P_kPa,BuharKesri,kg_h,kmol_h,IPA_kmol_h,Aseton_kmol_h,H2_kmol_h,Su_kmol_h
0,1,25.0,100.0,0.0,12467.821098052715,265.621902612146,182.5723032912287,0.0,0.0,83.04959932091732
1,2,30.74897898270946,100.0,0.0,13859.173804655125,295.328158120103,202.74547810878724,0.18239110682162296,0.0,92.40028890449416
2,3,30.889453118698846,320.0,0.0,13859.173804653947,295.3281581200779,202.74547810877016,0.18239110682147197,0.0,92.40028890448625
3,6,108.6876083681092,280.0,1.0,13859.173804653947,295.3281581200779,202.74547810877016,0.18239110682147197,0.0,92.40028890448625
4,8,177.45980606389747,200.0,1.0,13859.173804653949,477.7990884179711,20.274547810877003,182.65332140471463,182.47093029789318,92.40028890448625
5,9,40.0,180.0,0.5115503343328697,13859.173804653949,477.7990884179711,20.274547810877003,182.65332140471463,182.47093029789318,92.40028890448625
6,10,300.0,260.0,1.0,13859.173804653947,295.3281581200779,202.74547810877016,0.18239110682147197,0.0,92.40028890448625
7,12,350.0,220.00000000000003,1.0,13859.173804653949,477.7990884179711,20.274547810877003,182.65332140471463,182.47093029789318,92.40028890448625
8,13,40.0,180.0,1.0,3658.0507501628845,244.4182834241535,1.7379937434212342,52.44291661815062,182.47093029789318,7.7664427646884615
9,14,40.0,180.0,0.0,10201.123054491063,233.38080499381758,18.536554067455768,130.21040478656403,0.0,84.63384613979778
10,15,25.0,300.0,0.0,12773.403931033932,709.0426828217559,0.0,0.0,0.0,709.0426828217559
11,16,82.2931951237561,110.00000000000001,0.0,1391.3527066024103,29.706255507957,20.173174817558543,0.18239110682162296,0.0,9.350689583576834
12,19,35.0,170.0,1.0,495.4110946909094,188.96797850217908,2.5554178310989806e-07,0.2622145830907518,182.47093029789318,6.234833365653374
13,20,35.0,180.0,0.0,15936.043586505908,764.4929877437303,1.7379934878794512,52.180702035059866,0.0,710.574292220791
14,21,40.0,180.0,0.0,33420.24636691379,1603.2551528541212,3.6448300504277436,109.4306694220445,0.0,1490.179653381649
15,23,30.0,210.0,0.0,33420.24636691379,1603.2551528541212,3.6448300504277436,109.4306694220445,0.0,1490.179653381649
16,26,36.48909707295594,130.0,0.0,26137.16664099697,997.8737927375478,20.274547555335218,182.39110682162388,0.0,795.2081383605887
17,27,40.01990340904453,229.99999999999997,0.0,33420.24636691379,1603.2551528541212,3.6448300504277436,109.4306694220445,0.0,1490.179653381649
18,32,58.75063167826755,110.00000000000001,0.0,39608.59106214856,688.0445105392348,0.0,679.2499302312362,0.0,8.794580307998578
19,33,58.75063167826755,110.00000000000001,1.0,39608.59106214856,688.0445105392348,0.0,679.2499302312362,0.0,8.794580307998578
20,34,99.13840911490279,130.0,0.0,33202.05389818647,1424.0011474203998,176.2552363891773,3.2910563136825752,0.0,1244.45485471754
21,35,99.13840911490279,130.0,0.0,15512.16664099697,813.3059318659318,20.274547555335218,0.18239110682162296,0.0,792.848993203775
22,38,58.75063167826755,110.00000000000001,0.0,28983.591062148564,503.4766496676188,0.0,497.04121451643397,0.0,6.435435151184809
23,39,58.75063167826755,110.00000000000001,0.0,10625.0,184.56786087161603,0.0,182.20871571480225,0.0,2.359145156813768
24,42,99.13840911490279,130.0,1.0,17689.887257189494,610.695215554468,155.98068883384207,3.108665206860952,0.0,451.605861513765
25,44,25.0,100.0,0.0,10625.0,184.56786087161603,0.0,182.20871571480225,0.0,2.359145156813768
26,46,82.2931951237561,110.00000000000001,0.0,4712.419843284116,100.6131279732849,68.32521247933124,0.6177466482410621,0.0,31.6701688457126
27,47,82.2931951237561,110.00000000000001,1.0,4712.419843284116,100.6131279732849,68.32521247933124,0.6177466482410621,0.0,31.6701688457126
28,48,107.03471741006665,130.0,0.0,16175.05342920767,897.0270657048337,0.3590979214612784,0.0,0.0,896.6679677833724
29,50,107.03471741006665,130.0,0.0,14120.813934394557,783.5996763579748,0.10137273777667584,0.0,0.0,783.498303620198
30,53,82.2931951237561,110.00000000000001,0.0,3321.067136681705,70.9068724653279,48.152037661772695,0.43535554141943916,0.0,22.319479262135765
31,54,107.03471741006665,130.0,1.0,2054.2394948131137,113.42738934685903,0.25772518368460257,0.0,0.0,113.16966416317443
