Ekipman,Neden,Giris,Cikis,Q_kW,m_in,m_out,dm,hata_pct,E_in,E_out,dE
V-100,Besleme tankı: taze besleme ile geri dönüşü karıştırır (adyabatik),"1,16",2,0.0,13859.173804655125,13859.173804655125,0.0,0.0,-25192.958158918085,-25192.958158918085,0.0
P-101,"Besleme pompası: 1 -> 3,2 bar (mil işi tüm akışkana)",2,3,1.5002138641040192,13859.173804655125,13859.173804653947,1.178705133497715e-09,8.504873018489763e-12,-25191.457945053982,-25191.457945053982,0.0
E-102,Buharlaştırıcı: LPS ile doygun buhar,3,6,4161.685831677028,13859.173804653947,13859.173804653947,0.0,0.0,-21029.772113376956,-21029.772113376956,0.0
E-101,"Besleme/çıkış ısı değiştirici (soğuk: 5->6, sıcak: 7->8)","6,12","10,8",0.0,27718.347609307893,27718.347609307893,0.0,0.0,-37119.23907193296,-37119.23907193296,0.0
R-101,Reaktör: kızgın buhar + tuzdan ısı; IPA -> aseton + H2,10,12,3401.582723825499,13859.173804653947,13859.173804653949,-1.8189894035458565e-12,-1.3124804040880381e-14,-16089.466958556006,-16089.466958556006,0.0
E-103,Reaktör çıkış soğutucusu/yoğuşturucusu (cw),8,9,-3380.6162885717963,13859.173804653949,13859.173804653949,0.0,0.0,-21008.805678123255,-21008.805678123255,0.0
V-101,"Flaş tankı: 40 °C, buhar-sıvı ayrımı (adyabatik)",9,"13,14",0.0,13859.173804653949,13859.173804653947,1.8189894035458565e-12,1.312480404088038e-14,-21008.805678123255,-21008.805678123255,0.0
T-101+E-109+P-103,"Gaz yıkama kolonu (pump-around soğutuculu): H2 vent, aseton suda","13,15,23","19,20,21",0.0,49851.701048110604,49851.701048110604,0.0,0.0,-186075.12104224524,-186075.12104224524,0.0
P-103,Pump-around pompası,21,27,0.6994073584719669,33420.24636691379,33420.24636691379,0.0,0.0,-125654.23286944116,-125654.23286944114,-1.4551915228366852e-11
E-109,Pump-around soğutucusu (cw),27,23,-352.1001934764286,33420.24636691379,33420.24636691379,0.0,0.0,-126006.33306291758,-126006.33306291758,0.0
Karışım(26),"Akım 11 + 14 birleşimi (adyabatik, C-101 beslemesi)","14,20",26,0.0,26137.16664099697,26137.16664099697,0.0,0.0,-77234.10754715848,-77234.1075471585,2.9103830456733704e-11
C-101+E-104+E-105,"Aseton kolonu (kolon+yoğuşturucu+rebolyer): üst ürün aseton, dip su/IPA",26,"39,35",1236.5657723141376,26137.16664099697,26137.16664099697,0.0,0.0,-75997.54177484437,-75997.54177484436,-1.4551915228366852e-11
E-104,"C-101 tam yoğuşturucu: 45 -> 46 (doygun sıvı, cw)",33,32,-5701.149713998505,39608.59106214856,39608.59106214856,0.0,0.0,-46755.73072611367,-46755.73072611367,0.0
Ayrım(32),Yoğuşan sıvının ayrımı: 46 -> 47 (reflü) + 16 (ürün),32,"38,39",0.0,39608.59106214856,39608.59106214857,-7.275957614183426e-12,-1.8369645117562895e-14,-46755.73072611367,-46755.73072611366,-7.275957614183426e-12
E-105,C-101 rebolyer: 48 -> 49 + 18 (LPS),34,"42,35",6937.7154863126425,33202.05389818647,33202.05389818647,0.0,0.0,-105155.37497536173,-105155.37497536174,1.4551915228366852e-11
E-108,Ürün soğutucusu: 16 -> 25 °C (cw),39,44,-215.96398277299272,10625.0,10625.0,0.0,0.0,-12758.1833761737,-12758.1833761737,0.0
C-102+E-106+E-107,"IPA kolonu (kolon+yoğuşturucu+rebolyer): üst azeotrop (geri dönüş), dip atık su",35,"16,50",111.3887535302838,15512.16664099697,15512.166640996968,1.8189894035458565e-12,1.1726211080910292e-14,-63343.93362791338,-63343.93362791338,0.0
E-106,"C-102 tam yoğuşturucu: 50 -> 51 (doygun sıvı, cw)",47,46,-1167.4243579023603,4712.419843284116,4712.419843284116,0.0,0.0,-8383.326889704174,-8383.326889704174,0.0
Ayrım(46),Yoğuşan sıvının ayrımı: 51 -> 52 (reflü) + 2 (geri dönüş),46,"53,16",0.0,4712.419843284116,4712.419843284115,9.094947017729282e-13,1.929995059903439e-14,-8383.326889704174,-8383.326889704174,0.0
E-107,C-102 rebolyer: 53 -> 54 + 19 (LPS),48,"54,50",1278.813111432644,16175.05342920767,16175.05342920767,0.0,0.0,-68402.50394200529,-68402.50394200529,0.0
