Akım no,Akışkan,Bağlantı,T (°C),P (kPa),Buhar kesri,Debi (kg/h),Mol debisi (kmol/h)
4,"LPS 4 bar(a), doygun buhar",E-102 giriş,143.6,400.0,1.000,7024,389.9
5,LPS yoğuşuğu,E-102 çıkış,143.6,400.0,0,7024,389.9
7,Soğutma suyu (cw),E-103 giriş,25.00,400.0,0,291200,16160
11,Soğutma suyu (cw),E-103 çıkış,35.00,370.0,0,291200,16160
17,Erimiş tuz (sıcak),F-101 -> R-101,450.0,200.0,0,130800,-
18,Erimiş tuz (soğuk),R-101 -> P-102,390.0,150.0,0,130800,-
22,"Erimiş tuz (soğuk, basınçlı)",P-102 -> F-101,390.0,300.0,0,130800,-
24,Soğutma suyu (cw),E-109 çıkış,35.00,370.0,0,30320,1683
25,"Baca gazı (CO2, H2O, O2, N2)",F-101 çıkış,250.0,100.0,1.000,5960,214.6
28,Doğal gaz (CH4),F-101 giriş,25.00,400.0,1.000,288.0,17.95
29,Hava (%15 fazla),F-101 giriş,25.00,100.0,1.000,5672,196.6
30,Soğutma suyu (cw),E-109 giriş,25.00,400.0,0,30320,1683
31,Soğutma suyu (cw),E-104 giriş,25.00,400.0,0,491000,27260
36,Soğutma suyu (cw),E-104 çıkış,35.00,370.0,0,491000,27260
37,LPS yoğuşuğu,E-105 çıkış,143.6,400.0,0,11710,650.0
40,"LPS 4 bar(a), doygun buhar",E-105 giriş,143.6,400.0,1.000,11710,650.0
41,Soğutulmuş su (chw),E-108 giriş,7.000,400.0,0,37200,2065
43,Soğutulmuş su (chw),E-108 çıkış,12.00,370.0,0,37200,2065
45,Soğutma suyu (cw),E-106 giriş,25.00,400.0,0,100500,5581
49,Soğutma suyu (cw),E-106 çıkış,35.00,370.0,0,100500,5581
51,LPS yoğuşuğu,E-107 çıkış,143.6,400.0,0,2158,119.8
52,"LPS 4 bar(a), doygun buhar",E-107 giriş,143.6,400.0,1.000,2158,119.8
